config,additional_cost_hr,throughput_improvement_hr,revenue_recovered_hr,net_benefit_hr,payback_hours,payback_months,scenario_key,annual_net_benefit
Add 2 Agents,1000,10.153028069107762,12183.633682929314,11183.633682929314,0.0,0.0,kyc,
ML Triage,15,9.499391993303107,11399.270391963728,11384.270391963728,17.568099940878252,0.070272399763513,kyc,
Triage + 1 Agent,515,8.690388372728151,10428.466047273781,9913.466047273781,20.1745786031113,0.0806983144124452,kyc,
Add 2 Pickers,500,11.19476167307839,5037.6427528852755,4537.6427528852755,0.0,0.0,warehouse,13612928.258655827
Zone Picking,0,11.478612074347254,5165.375433456265,5165.375433456265,154.87741603802507,0.6195096641521003,warehouse,15496126.300368793
Zone + 1 Picker,250,11.862400596181686,5338.080268281758,5088.080268281758,157.23022393869576,0.628920895754783,warehouse,15264240.804845275
