scenario,scenario_key,config,items_observed,cycle_time_p50_min,cycle_time_p90_min,cycle_time_p95_min,cycle_time_p99_min,sla_min,sla_breach_rate
Fintech KYC Verification Pipeline,kyc,Current State,8500,29.72175842051323,46.23916455625482,56.841692978988235,74.55930628926562,60,0.042
Fintech KYC Verification Pipeline,kyc,Add 2 Agents,8500,9.588002155100842,19.231794640129394,21.970944078540953,26.29666614784218,60,0.0
Fintech KYC Verification Pipeline,kyc,ML Triage,8500,6.989652521122411,14.709628058242226,17.66292098150904,21.799105791888373,60,0.0
Fintech KYC Verification Pipeline,kyc,Triage + 1 Agent,8500,6.8386504451260866,15.583358155846902,18.684156397895478,23.080813577791464,60,0.0
Warehouse Pick-and-Pack,warehouse,Current State,8500,50.66043128803322,79.88611629333406,87.97907997749117,107.73021614514691,45,0.5649411764705883
Warehouse Pick-and-Pack,warehouse,Add 2 Pickers,8500,17.397406203657866,29.20017485267651,33.1909232174002,38.939080717383376,45,0.0008235294117647059
Warehouse Pick-and-Pack,warehouse,Zone Picking,8500,17.4510620913318,27.948690959189694,31.039655503877928,36.301927274205724,45,0.0
Warehouse Pick-and-Pack,warehouse,Zone + 1 Picker,8500,16.288403188293145,26.565563788804035,29.399223922957813,34.931679646232126,45,0.0
