scenario,scenario_key,config,bottleneck_step,bottleneck_rho,capacity_per_hr,theoretical_process_time_min,cycle_time_min_mean,cycle_time_min_ci_low,cycle_time_min_ci_high,throughput_hr_mean,throughput_hr_ci_low,throughput_hr_ci_high,bottleneck_queue_mean,bottleneck_queue_ci_low,bottleneck_queue_ci_high
Fintech KYC Verification Pipeline,kyc,Current State,Manual Review,1.0714285714285714,112,3.437728937728938,30.27828250260101,23.81245403727486,36.744110967927156,108.12313029944028,106.97948253235319,109.26677806652737,32.89583287089824,26.26766198098593,39.524003760810544
Fintech KYC Verification Pipeline,kyc,Add 2 Agents,Manual Review,0.7142857142857143,130,3.437728937728938,10.933457544524705,8.554943893062688,13.311971195986722,118.27615836854804,116.35644439718902,120.19587233990705,0.6067280615768113,0.49115014779727234,0.7223059753563501
Fintech KYC Verification Pipeline,kyc,ML Triage,Manual Review,0.6428571428571429,112,3.437728937728938,7.984164631216336,6.567981692777094,9.400347569655578,117.62252229274338,113.66541952996492,121.57962505552184,0.3343742845499719,0.2018941034496203,0.4668544656503235
Fintech KYC Verification Pipeline,kyc,Triage + 1 Agent,Manual Review,0.5142857142857142,130,3.437728937728938,8.137019877542672,6.528022495486867,9.746017259598478,116.81351867216843,113.73809938350774,119.88893796082911,0.09129323549706254,0.06014982273314156,0.12243664826098352
Warehouse Pick-and-Pack,warehouse,Current State,Picking,1.1111111111111112,90,8.634891774891775,50.8652695701612,41.451848877094235,60.27869026322817,85.11373615449052,83.95777854427675,86.2696937647043,51.17168000901675,39.38813758247488,62.95522243555861
Warehouse Pick-and-Pack,warehouse,Add 2 Pickers,Picking,0.7936507936507936,105,8.634891774891775,18.732947940815457,16.28732742155393,21.178568460076985,96.30849782756891,94.11723271119392,98.4997629439439,1.1811463870108019,0.788063266042184,1.5742295079794197
Warehouse Pick-and-Pack,warehouse,Zone Picking,Picking,0.823045267489712,105,7.7706942440275775,18.18434338462497,15.580585019847343,20.7881017494026,96.59234822883778,94.89193933292665,98.2927571247489,1.5500650031546968,1.2609124488623933,1.8392175574470002
Warehouse Pick-and-Pack,warehouse,Zone + 1 Picker,Picking,0.6858710562414265,105,7.7706942440275775,17.305935728801476,15.303269612246176,19.308601845356776,96.97613675067221,95.70120672408389,98.25106677726053,0.496608971085365,0.3530819182055017,0.6401360239652283
