config,arrival_rate,cycle_time_min,throughput_hr,bottleneck_queue,collapsed,scenario_key
Current State,180.0,125.49181501766343,102.8435419919044,80.95671818856233,True,kyc
Add 2 Agents,180.0,84.45885732398918,121.29676099168618,0.9028588785122986,False,kyc
ML Triage,180.0,77.98477148729121,122.60540164687204,0.574445159439287,False,kyc
Triage + 1 Agent,180.0,82.27626581337978,120.83714872407168,0.11981833597112235,False,kyc
Current State,150.0,166.8795101217655,82.17636328175135,198.07771439226977,True,warehouse
Add 2 Pickers,150.0,113.33538110343129,96.45817935880211,71.19367187346506,False,warehouse
Zone Picking,150.0,108.81760557419764,96.70628851107111,71.89208955505491,False,warehouse
Zone + 1 Picker,150.0,112.58232452575525,97.04861353518953,21.849563667544075,False,warehouse
